"id","contrato_id","plano_servico_id","quantidade","valor_unitario","valor_total","modalidade","valor_original","valor_negociado","desconto_percentual","tipo_desconto","valor_desconto","valor_final","economia","vigencia_desconto","periodo_desconto","apos_periodo","forma_pagamento","num_parcelas","valor_parcela","observacoes"
"78","69","22","1","1997.00","1997.00","recorrente","1997.00","1997.00","0.00",NULL,"0.00","1997.00","0.00","permanente",,"valor_original","avista","2","0.00",NULL
"415","281","22","1","2500.00","2500.00","recorrente","2750.00","2500.00","9.09",NULL,"0.00","2500.00","250.00","permanente",,"valor_original","avista","2","0.00",NULL
"46","45","26","1","7415.00","7415.00","pontual","5497.00","7415.00","86.52",NULL,"0.00","7415.00","-1918.00","permanente",,"valor_original","avista","2","0.00",NULL
"648","412","39","1","10000.00","10000.00","pontual","10000.00","10000.00","0.00",NULL,"0.00","10000.00","0.00","permanente",,"valor_original","parcelado","2","0.00",NULL
"528","345","22","1","2375.00","2375.00","recorrente","2750.00","2375.00","13.64",NULL,"0.00","2375.00","375.00","permanente",,"valor_original","avista","2","0.00",NULL
"50","48","42","1","997.00","997.00","recorrente","1497.00","997.00","33.40",NULL,"0.00","997.00","500.00","permanente",,"valor_original","avista","2","0.00",NULL
"51","49","39","1","10000.00","10000.00","pontual","10000.00","10000.00","0.00",NULL,"0.00","10000.00","0.00","permanente",,"valor_original","parcelado","2","0.00",NULL
"53","51","28","1","2292.45","2292.45","recorrente","2697.00","2292.45","15.00",NULL,"0.00","2292.45","404.55","permanente","3","valor_original","avista","2","0.00",NULL
"54","52","50","1","2000.00","2000.00","recorrente","2500.00","2000.00","20.00",NULL,"0.00","2000.00","500.00","permanente",,"valor_original","avista","2","0.00",NULL
"336","229","43","1","2000.00","2000.00","recorrente","2497.00","2000.00","19.90",NULL,"0.00","2000.00","497.00","temporario","3","valor_original","avista","2","0.00",NULL
"329","222","27","1","1997.00","1997.00","recorrente","1697.00","1997.00","88.39",NULL,"0.00","1997.00","-300.00","permanente",,"valor_original","avista","2","0.00",NULL
"143","106","24","1","1998.00","1998.00","recorrente","3997.00","1998.00","50.01",NULL,"0.00","1998.00","1999.00","permanente",,"valor_original","avista","2","0.00",NULL
"144","106","38","1","18000.00","18000.00","pontual","20000.00","18000.00","10.00",NULL,"0.00","18000.00","2000.00","permanente",,"valor_original","parcelado","5","0.00",NULL
"65","57","22","1","1997.00","1997.00","pontual","1997.00","1997.00","0.00",NULL,"0.00","1997.00","0.00","permanente",,"valor_original","parcelado","3","0.00",NULL
"64","57","32","1","3000.00","3000.00","recorrente","2997.00","3000.00","89.99",NULL,"0.00","3000.00","-3.00","permanente",,"valor_original","avista","2","0.00",NULL
"66","58","21","1","2497.00","2497.00","recorrente","2497.00","2497.00","0.00",NULL,"0.00","2497.00","0.00","permanente",,"valor_original","avista","2","0.00",NULL
"337","229","32","1","2997.00","2997.00","recorrente","2997.00","2997.00","0.00",NULL,"0.00","2997.00","0.00","permanente",,"valor_original","avista","2","0.00",NULL
"69","61","24","1","3997.00","3997.00","pontual","3997.00","3997.00","0.00",NULL,"0.00","3997.00","0.00","permanente",,"valor_original","avista","2","0.00",NULL
"512","335","24","1","3500.00","3500.00","pontual","5497.00","3500.00","36.33",NULL,"0.00","3500.00","1997.00","permanente",,"valor_original","avista","2","0.00",NULL
"413","281","24","1","3500.00","3500.00","recorrente","3997.00","3500.00","12.43",NULL,"0.00","3500.00","497.00","permanente",,"valor_original","avista","2","0.00",NULL
"77","68","52","1","2000.00","2000.00","recorrente","2000.00","2000.00","0.00",NULL,"0.00","2000.00","0.00","permanente",,"valor_original","avista","2","0.00",NULL
"75","66","38","1","20000.00","20000.00","pontual","20000.00","20000.00","0.00",NULL,"0.00","20000.00","0.00","permanente",,"valor_original","parcelado","5","0.00",NULL
"123","93","46","1","297.00","297.00","recorrente","5000.00","297.00","94.06",NULL,"0.00","297.00","4703.00","permanente",,"valor_original","avista","2","0.00",NULL
"122","93","46","1","3000.00","3000.00","pontual","5000.00","3000.00","40.00",NULL,"0.00","3000.00","2000.00","permanente",,"valor_original","parcelado","2","0.00",NULL
"121","92","25","1","5997.00","5997.00","pontual","5997.00","5997.00","0.00",NULL,"0.00","5997.00","0.00","permanente",,"valor_original","parcelado","3","0.00",NULL
"120","91","21","1","1997.00","1997.00","recorrente","2997.00","1997.00","33.37",NULL,"0.00","1997.00","1000.00","permanente",,"valor_original","avista","2","0.00",NULL
"100","76","26","1","9997.00","9997.00","pontual","9997.00","9997.00","0.00",NULL,"0.00","9997.00","0.00","permanente",,"valor_original","avista","2","0.00",NULL
"160","113","51","1","2997.00","2997.00","pontual","2500.00","2997.00","88.04",NULL,"0.00","2997.00","-497.00","permanente",,"valor_original","avista","2","0.00",NULL
"159","113","22","1","1997.00","1997.00","recorrente","1997.00","1997.00","0.00",NULL,"0.00","1997.00","0.00","permanente",,"valor_original","avista","2","0.00",NULL
"158","113","22","1","2997.00","2997.00","recorrente","1997.00","2997.00","50.08",NULL,"0.00","2997.00","-1000.00","permanente",,"valor_original","avista","2","0.00",NULL
"157","113","21","1","2997.00","2997.00","recorrente","2997.00","2997.00","0.00",NULL,"0.00","2997.00","0.00","permanente",,"valor_original","avista","2","0.00",NULL
"101","77","21","1","0.00","0.00","recorrente","2997.00","0.00","100.00",NULL,"0.00","0.00","2997.00","permanente",,"valor_original","avista","2","0.00",NULL
"102","77","51","1","2997.00","2997.00","pontual","2500.00","2997.00","88.04",NULL,"0.00","2997.00","-497.00","permanente",,"valor_original","avista","2","0.00",NULL
"411","279","21","1","2997.00","2997.00","recorrente","2997.00","2997.00","0.00",NULL,"0.00","2997.00","0.00","permanente",,"valor_original","avista","2","0.00",NULL
"105","80","21","1","1997.50","1997.50","recorrente","2997.00","1997.50","33.35",NULL,"0.00","1997.50","999.50","permanente",,"valor_original","avista","2","0.00",NULL
"106","81","24","1","2997.00","2997.00","recorrente","3997.00","2997.00","25.02",NULL,"0.00","2997.00","1000.00","permanente",,"valor_original","avista","2","0.00",NULL
"109","84","21","1","2000.00","2000.00","recorrente","2997.00","2000.00","33.27",NULL,"0.00","2000.00","997.00","permanente",,"valor_original","avista","2","0.00",NULL
"326","222","21","1","2997.00","2997.00","recorrente","2997.00","2997.00","0.00",NULL,"0.00","2997.00","0.00","permanente",,"valor_original","avista","2","0.00",NULL
"325","221","38","1","17000.00","17000.00","pontual","20000.00","17000.00","15.00",NULL,"0.00","17000.00","3000.00","permanente",,"valor_original","parcelado","5","0.00",NULL
"343","233","58","1","1997.00","1997.00","pontual","3000.00","1997.00","33.43",NULL,"0.00","1997.00","1003.00","permanente",,"valor_original","avista","2","0.00",NULL
"321","218","25","1","5997.00","5997.00","recorrente","5997.00","5997.00","0.00",NULL,"0.00","5997.00","0.00","permanente",,"valor_original","avista","2","0.00",NULL
"316","215","28","1","2597.00","2597.00","recorrente","2697.00","2597.00","3.71",NULL,"0.00","2597.00","100.00","permanente",,"valor_original","avista","2","0.00",NULL
"324","220","24","1","3997.00","3997.00","pontual","3997.00","3997.00","0.00",NULL,"0.00","3997.00","0.00","permanente",,"valor_original","parcelado","2","0.00",NULL
"119","90","42","1","897.00","897.00","recorrente","1497.00","897.00","40.08",NULL,"0.00","897.00","600.00","permanente",,"valor_original","avista","2","0.00",NULL
"161","114","21","1","3997.00","3997.00","recorrente","2997.00","3997.00","66.73",NULL,"0.00","3997.00","-1000.00","permanente",,"valor_original","avista","2","0.00",NULL
"126","96","24","1","3997.00","3997.00","recorrente","3997.00","3997.00","0.00",NULL,"0.00","3997.00","0.00","permanente",,"valor_original","avista","2","0.00",NULL
"128","98","26","1","9997.00","9997.00","pontual","9997.00","9997.00","0.00",NULL,"0.00","9997.00","0.00","permanente",,"valor_original","avista","2","0.00",NULL
"501","330","24","1","5497.00","5497.00","pontual","5497.00","5497.00","0.00",NULL,"0.00","5497.00","0.00","permanente",,"valor_original","avista","2","0.00",NULL
"142","106","22","1","1997.00","1997.00","recorrente","1997.00","1997.00","0.00",NULL,"0.00","1997.00","0.00","permanente",,"valor_original","avista","2","0.00",NULL
"141","106","21","1","2497.00","2497.00","recorrente","2997.00","2497.00","16.68",NULL,"0.00","2497.00","500.00","permanente",,"valor_original","avista","2","0.00",NULL
"328","222","42","1","1497.00","1497.00","recorrente","1497.00","1497.00","0.00",NULL,"0.00","1497.00","0.00","permanente",,"valor_original","avista","2","0.00",NULL
"339","231","24","1","3997.00","3997.00","recorrente","3997.00","3997.00","0.00",NULL,"0.00","3997.00","0.00","permanente",,"valor_original","avista","2","0.00",NULL
"134","103","24","1","3997.00","3997.00","pontual","3997.00","3997.00","0.00",NULL,"0.00","3997.00","0.00","permanente",,"valor_original","avista","2","0.00",NULL
"135","103","21","1","2997.00","2997.00","recorrente","2997.00","2997.00","0.00",NULL,"0.00","2997.00","0.00","permanente",,"valor_original","avista","2","0.00",NULL
"327","222","25","1","5997.00","5997.00","recorrente","5997.00","5997.00","0.00",NULL,"0.00","5997.00","0.00","permanente",,"valor_original","avista","2","0.00",NULL
"164","114","51","1","2500.00","2500.00","pontual","2500.00","2500.00","0.00",NULL,"0.00","2500.00","0.00","permanente",,"valor_original","avista","2","0.00",NULL
"163","114","25","1","2998.50","2998.50","recorrente","5997.00","2998.50","50.00",NULL,"0.00","2998.50","2998.50","permanente",,"valor_original","avista","2","0.00",NULL
"184","129","21","1","2997.00","2997.00","recorrente","2997.00","2997.00","0.00",NULL,"0.00","2997.00","0.00","permanente",,"valor_original","avista","2","0.00",NULL
"167","117","22","1","1750.00","1750.00","recorrente","1997.00","1750.00","12.37",NULL,"0.00","1750.00","247.00","permanente",,"valor_original","avista","2","0.00",NULL
"162","114","22","1","2750.00","2750.00","recorrente","1997.00","2750.00","86.23",NULL,"0.00","2750.00","-753.00","permanente",,"valor_original","avista","2","0.00",NULL
"171","120","25","1","5997.00","5997.00","pontual","5997.00","5997.00","0.00",NULL,"0.00","5997.00","0.00","permanente",,"valor_original","avista","2","0.00",NULL
"172","121","22","1","1997.00","1997.00","recorrente","1997.00","1997.00","0.00",NULL,"0.00","1997.00","0.00","permanente",,"valor_original","avista","2","0.00",NULL
"173","121","25","1","5997.00","5997.00","pontual","5997.00","5997.00","0.00",NULL,"0.00","5997.00","0.00","permanente",,"valor_original","parcelado","6","0.00",NULL
"176","123","32","1","3000.00","3000.00","recorrente","2997.00","3000.00","89.99",NULL,"0.00","3000.00","-3.00","permanente",,"valor_original","avista","2","0.00",NULL
"177","124","21","1","2997.00","2997.00","recorrente","2997.00","2997.00","0.00",NULL,"0.00","2997.00","0.00","permanente",,"valor_original","avista","2","0.00",NULL
"178","124","51","1","2997.00","2997.00","pontual","2500.00","2997.00","88.04",NULL,"0.00","2997.00","-497.00","permanente",,"valor_original","parcelado","10","0.00",NULL
"179","124","46","1","5000.00","5000.00","pontual","5000.00","5000.00","0.00",NULL,"0.00","5000.00","0.00","permanente",,"valor_original","parcelado","10","0.00",NULL
"244","168","46","1","5000.00","5000.00","pontual","5000.00","5000.00","0.00",NULL,"0.00","5000.00","0.00","permanente",,"valor_original","avista","2","0.00",NULL
"183","128","24","1","3997.00","3997.00","pontual","3997.00","3997.00","0.00",NULL,"0.00","3997.00","0.00","permanente",,"valor_original","parcelado","2","0.00",NULL
"185","130","25","1","5997.00","5997.00","recorrente","5997.00","5997.00","0.00",NULL,"0.00","5997.00","0.00","permanente",,"valor_original","avista","2","0.00",NULL
"186","130","22","1","2750.00","2750.00","recorrente","2750.00","2750.00","0.00",NULL,"0.00","2750.00","0.00","permanente",,"valor_original","avista","2","0.00",NULL
"191","133","51","1","2997.00","2997.00","pontual","2500.00","2997.00","88.04",NULL,"0.00","2997.00","-497.00","permanente",,"valor_original","parcelado","3","0.00",NULL
"190","133","21","1","2997.00","2997.00","recorrente","2997.00","2997.00","0.00",NULL,"0.00","2997.00","0.00","permanente",,"valor_original","avista","2","0.00",NULL
"311","210","22","1","2750.00","2750.00","recorrente","2750.00","2750.00","0.00",NULL,"0.00","2750.00","0.00","permanente",,"valor_original","avista","2","0.00",NULL
"193","135","25","1","5997.00","5997.00","recorrente","5997.00","5997.00","0.00",NULL,"0.00","5997.00","0.00","permanente",,"valor_original","avista","2","0.00",NULL
"194","136","32","1","3000.00","3000.00","recorrente","2997.00","3000.00","89.99",NULL,"0.00","3000.00","-3.00","permanente",,"valor_original","avista","2","0.00",NULL
"199","140","22","1","2000.00","2000.00","recorrente","2750.00","2000.00","27.27",NULL,"0.00","2000.00","750.00","permanente",,"valor_original","avista","2","0.00",NULL
"196","138","24","1","3997.00","3997.00","recorrente","3997.00","3997.00","0.00",NULL,"0.00","3997.00","0.00","permanente",,"valor_original","avista","2","0.00",NULL
"200","140","27","1","1750.00","1750.00","recorrente","1697.00","1750.00","89.69",NULL,"0.00","1750.00","-53.00","permanente",,"valor_original","avista","2","0.00",NULL
"257","178","24","1","3997.00","3997.00","pontual","3997.00","3997.00","0.00",NULL,"0.00","3997.00","0.00","permanente",,"valor_original","avista","2","0.00",NULL
"254","175","26","1","9997.00","9997.00","pontual","9997.00","9997.00","0.00",NULL,"0.00","9997.00","0.00","permanente",,"valor_original","parcelado","12","0.00",NULL
"253","175","22","1","1997.00","1997.00","recorrente","2750.00","1997.00","27.38",NULL,"0.00","1997.00","753.00","permanente",,"valor_original","avista","2","0.00",NULL
"523","342","56","1","1000.00","1000.00","pontual","1500.00","1000.00","33.33",NULL,"0.00","1000.00","500.00","permanente",,"valor_original","avista","2","0.00",NULL
"255","176","45","1","7000.00","7000.00","pontual","2497.00","7000.00","71.97",NULL,"0.00","7000.00","-4503.00","permanente",,"valor_original","parcelado","2","0.00",NULL
"252","174","22","1","2750.00","2750.00","recorrente","2750.00","2750.00","0.00",NULL,"0.00","2750.00","0.00","permanente",,"valor_original","avista","2","0.00",NULL
"231","158","21","1","2497.00","2497.00","recorrente","2997.00","2497.00","16.68",NULL,"0.00","2497.00","500.00","permanente",,"valor_original","avista","2","0.00",NULL
"230","158","24","1","3200.00","3200.00","pontual","3997.00","3200.00","19.94",NULL,"0.00","3200.00","797.00","permanente",,"valor_original","parcelado","3","0.00",NULL
"216","148","40","1","12000.00","12000.00","pontual","5000.00","12000.00","76.00",NULL,"0.00","12000.00","-7000.00","permanente",,"valor_original","avista","2","0.00",NULL
"217","149","38","1","20000.00","20000.00","pontual","20000.00","20000.00","0.00",NULL,"0.00","20000.00","0.00","permanente",,"valor_original","parcelado","5","0.00",NULL
"234","161","22","1","2475.00","2475.00","recorrente","2750.00","2475.00","10.00",NULL,"0.00","2475.00","275.00","temporario","3","valor_original","avista","2","0.00",NULL
"225","154","26","1","9000.00","9000.00","recorrente","9997.00","9000.00","9.97",NULL,"0.00","9000.00","997.00","temporario","3","valor_original","avista","2","0.00",NULL
"224","154","22","1","2475.00","2475.00","recorrente","2750.00","2475.00","10.00",NULL,"0.00","2475.00","275.00","temporario","3","valor_original","avista","2","0.00",NULL
"221","152","24","1","3997.00","3997.00","pontual","3997.00","3997.00","0.00",NULL,"0.00","3997.00","0.00","permanente",,"valor_original","parcelado","4","0.00",NULL
"227","156","25","1","2998.50","2998.50","recorrente","5997.00","2998.50","50.00",NULL,"0.00","2998.50","2998.50","permanente",,"valor_original","avista","2","0.00",NULL
"228","157","21","1","3997.00","3997.00","recorrente","2997.00","3997.00","86.69",NULL,"0.00","3997.00","-1000.00","permanente",,"valor_original","avista","2","0.00",NULL
"229","157","27","1","1000.00","1000.00","recorrente","1697.00","1000.00","41.07",NULL,"0.00","1000.00","697.00","permanente",,"valor_original","avista","2","0.00",NULL
"232","159","38","1","20000.00","20000.00","pontual","20000.00","20000.00","0.00",NULL,"0.00","20000.00","0.00","permanente",,"valor_original","parcelado","5","0.00",NULL
"233","160","24","1","3997.00","3997.00","pontual","3997.00","3997.00","0.00",NULL,"0.00","3997.00","0.00","permanente",,"valor_original","parcelado","2","0.00",NULL
"235","162","38","1","7000.00","7000.00","pontual","20000.00","7000.00","65.00",NULL,"0.00","7000.00","13000.00","permanente",,"valor_original","parcelado","3","0.00",NULL
"689","437","56","1","8000.00","8000.00","pontual","1500.00","8000.00","46.67",NULL,"0.00","8000.00","-6500.00","permanente",,"valor_original","avista","2","0.00",NULL
"367","250","32","1","3500.00","3500.00","recorrente","2997.00","3500.00","88.32",NULL,"0.00","3500.00","-503.00","permanente",,"valor_original","avista","2","0.00",NULL
"242","166","24","1","3997.00","3997.00","pontual","3997.00","3997.00","0.00",NULL,"0.00","3997.00","0.00","permanente",,"valor_original","parcelado","2","0.00",NULL
"243","167","24","1","3997.00","3997.00","recorrente","3997.00","3997.00","0.00",NULL,"0.00","3997.00","0.00","permanente",,"valor_original","avista","2","0.00",NULL
"245","169","24","1","3997.00","3997.00","pontual","3997.00","3997.00","0.00",NULL,"0.00","3997.00","0.00","permanente",,"valor_original","parcelado","4","0.00",NULL
"246","170","22","1","2497.00","2497.00","recorrente","2750.00","2497.00","9.20",NULL,"0.00","2497.00","253.00","permanente",,"valor_original","avista","2","0.00",NULL
"247","170","53","1","3000.00","3000.00","recorrente","3000.00","3000.00","0.00",NULL,"0.00","3000.00","0.00","permanente",,"valor_original","avista","2","0.00",NULL
"248","171","24","1","3600.00","3600.00","recorrente","3997.00","3600.00","9.93",NULL,"0.00","3600.00","397.00","permanente",,"valor_original","avista","2","0.00",NULL
"256","177","38","1","20000.00","20000.00","pontual","20000.00","20000.00","0.00",NULL,"0.00","20000.00","0.00","permanente",,"valor_original","parcelado","5","0.00",NULL
"436","296","53","1","4497.00","4497.00","recorrente","3000.00","4497.00","85.03",NULL,"0.00","4497.00","-1497.00","permanente",,"valor_original","avista","2","0.00",NULL
"432","294","38","1","20000.00","20000.00","pontual","20000.00","20000.00","0.00",NULL,"0.00","20000.00","0.00","permanente",,"valor_original","parcelado","3","0.00",NULL
"430","292","21","1","2497.00","2497.00","recorrente","2997.00","2497.00","16.68",NULL,"0.00","2497.00","500.00","permanente",,"valor_original","avista","2","0.00",NULL
"320","217","27","1","1100.00","1100.00","pontual","1697.00","1100.00","35.18",NULL,"0.00","1100.00","597.00","permanente",,"valor_original","avista","2","0.00",NULL
"262","181","22","1","2000.00","2000.00","recorrente","2750.00","2000.00","27.27",NULL,"0.00","2000.00","750.00","permanente",,"valor_original","avista","2","0.00",NULL
"263","181","27","1","1750.00","1750.00","recorrente","1697.00","1750.00","89.69",NULL,"0.00","1750.00","-53.00","permanente",,"valor_original","avista","2","0.00",NULL
"264","182","21","1","16250.00","16250.00","recorrente","2997.00","16250.00","0.00",NULL,"0.00","16250.00","-13253.00","permanente",,"valor_original","avista","2","0.00",NULL
"265","182","22","1","2750.00","2750.00","recorrente","2750.00","2750.00","0.00",NULL,"0.00","2750.00","0.00","permanente",,"valor_original","avista","2","0.00",NULL
"266","182","25","1","5997.00","5997.00","recorrente","5997.00","5997.00","0.00",NULL,"0.00","5997.00","0.00","permanente",,"valor_original","avista","2","0.00",NULL
"267","183","21","1","2500.10","2500.10","recorrente","2997.00","2500.10","16.58",NULL,"0.00","2500.10","496.90","temporario","3","valor_original","avista","2","0.00",NULL
"268","183","24","1","3997.00","3997.00","pontual","3997.00","3997.00","0.00",NULL,"0.00","3997.00","0.00","permanente",,"valor_original","parcelado","4","0.00",NULL
"274","188","24","1","3997.00","3997.00","pontual","3997.00","3997.00","0.00",NULL,"0.00","3997.00","0.00","permanente",,"valor_original","parcelado","2","0.00",NULL
"270","185","21","1","2497.00","2497.00","recorrente","2997.00","2497.00","16.68",NULL,"0.00","2497.00","500.00","permanente",,"valor_original","avista","2","0.00",NULL
"272","187","24","1","3997.00","3997.00","recorrente","3997.00","3997.00","0.00",NULL,"0.00","3997.00","0.00","permanente",,"valor_original","avista","2","0.00",NULL
"273","187","51","1","2997.00","2997.00","pontual","2997.00","2997.00","0.00",NULL,"0.00","2997.00","0.00","permanente",,"valor_original","parcelado","6","0.00",NULL
"275","189","38","1","7000.00","7000.00","pontual","20000.00","7000.00","65.00",NULL,"0.00","7000.00","13000.00","permanente",,"valor_original","parcelado","3","0.00",NULL
"438","298","24","1","3997.00","3997.00","pontual","3997.00","3997.00","0.00",NULL,"0.00","3997.00","0.00","permanente",,"valor_original","parcelado","4","0.00",NULL
"297","202","56","1","200.00","200.00","pontual","1500.00","200.00","86.67",NULL,"0.00","200.00","1300.00","permanente",,"valor_original","avista","2","0.00",NULL
"414","281","21","1","3000.00","3000.00","recorrente","2997.00","3000.00","89.99",NULL,"0.00","3000.00","-3.00","permanente",,"valor_original","avista","2","0.00",NULL
"298","203","21","1","2497.00","2497.00","recorrente","2997.00","2497.00","16.68",NULL,"0.00","2497.00","500.00","permanente",,"valor_original","avista","2","0.00",NULL
"284","194","53","1","2000.00","2000.00","pontual","2000.00","2000.00","0.00",NULL,"0.00","2000.00","0.00","permanente",,"valor_original","avista","2","0.00",NULL
"440","300","22","1","1297.00","1297.00","recorrente","2750.00","1297.00","52.84",NULL,"0.00","1297.00","1453.00","permanente",,"valor_original","avista","2","0.00",NULL
"358","242","22","1","2500.00","2500.00","pontual","2750.00","2500.00","9.09",NULL,"0.00","2500.00","250.00","permanente",,"valor_original","avista","2","0.00",NULL
"356","240","24","1","3997.00","3997.00","pontual","3997.00","3997.00","0.00",NULL,"0.00","3997.00","0.00","permanente",,"valor_original","parcelado","2","0.00",NULL
"302","205","51","1","2997.00","2997.00","pontual","2997.00","2997.00","0.00",NULL,"0.00","2997.00","0.00","permanente",,"valor_original","parcelado","3","0.00",NULL
"301","205","21","1","2997.00","2997.00","recorrente","2997.00","2997.00","0.00",NULL,"0.00","2997.00","0.00","permanente",,"valor_original","avista","2","0.00",NULL
"299","203","22","1","2000.00","2000.00","recorrente","2750.00","2000.00","27.27",NULL,"0.00","2000.00","750.00","permanente",,"valor_original","avista","2","0.00",NULL
"300","204","57","1","3000.00","3000.00","pontual","3000.00","3000.00","0.00",NULL,"0.00","3000.00","0.00","permanente",,"valor_original","parcelado","3","0.00",NULL
"303","206","46","1","3000.00","3000.00","pontual","5000.00","3000.00","40.00",NULL,"0.00","3000.00","2000.00","permanente",,"valor_original","avista","2","0.00",NULL
"304","207","21","1","3997.00","3997.00","recorrente","2997.00","3997.00","86.69",NULL,"0.00","3997.00","-1000.00","permanente",,"valor_original","avista","2","0.00",NULL
"305","207","22","1","2750.00","2750.00","recorrente","2750.00","2750.00","0.00",NULL,"0.00","2750.00","0.00","permanente",,"valor_original","avista","2","0.00",NULL
"306","207","24","1","3997.00","3997.00","recorrente","3997.00","3997.00","0.00",NULL,"0.00","3997.00","0.00","permanente",,"valor_original","avista","2","0.00",NULL
"307","207","46","1","3000.00","3000.00","recorrente","5000.00","3000.00","40.00",NULL,"0.00","3000.00","2000.00","permanente",,"valor_original","avista","2","0.00",NULL
"308","207","40","1","1256.00","1256.00","recorrente","5000.00","1256.00","74.88",NULL,"0.00","1256.00","3744.00","permanente",,"valor_original","avista","2","0.00",NULL
"331","224","27","1","1697.00","1697.00","pontual","1697.00","1697.00","0.00",NULL,"0.00","1697.00","0.00","permanente",,"valor_original","avista","2","0.00",NULL
"420","285","21","1","2500.00","2500.00","recorrente","2997.00","2500.00","16.58",NULL,"0.00","2500.00","497.00","permanente",,"valor_original","avista","2","0.00",NULL
"334","227","21","1","2997.00","2997.00","recorrente","2997.00","2997.00","0.00",NULL,"0.00","2997.00","0.00","permanente",,"valor_original","avista","2","0.00",NULL
"429","292","22","1","2500.00","2500.00","pontual","2750.00","2500.00","9.09",NULL,"0.00","2500.00","250.00","permanente",,"valor_original","avista","2","0.00",NULL
"345","235","40","1","5000.00","5000.00","pontual","5000.00","5000.00","0.00",NULL,"0.00","5000.00","0.00","permanente",,"valor_original","parcelado","2","0.00",NULL
"346","236","21","1","2997.00","2997.00","recorrente","2997.00","2997.00","0.00",NULL,"0.00","2997.00","0.00","permanente",,"valor_original","avista","2","0.00",NULL
"355","239","54","1","2997.00","2997.00","pontual","2997.00","2997.00","0.00",NULL,"0.00","2997.00","0.00","permanente",,"valor_original","parcelado","3","0.00",NULL
"354","239","24","1","2700.00","2700.00","recorrente","3997.00","2700.00","32.45",NULL,"0.00","2700.00","1297.00","permanente",,"valor_original","avista","2","0.00",NULL
"353","239","21","1","3497.00","3497.00","recorrente","2997.00","3497.00","88.36",NULL,"0.00","3497.00","-500.00","permanente",,"valor_original","avista","2","0.00",NULL
"350","238","38","1","20000.00","20000.00","pontual","20000.00","20000.00","0.00",NULL,"0.00","20000.00","0.00","permanente",,"valor_original","parcelado","4","0.00",NULL
"351","238","32","1","5000.00","5000.00","recorrente","2997.00","5000.00","83.32",NULL,"0.00","5000.00","-2003.00","permanente",,"valor_original","avista","2","0.00",NULL
"352","238","21","1","2997.00","2997.00","recorrente","2997.00","2997.00","0.00",NULL,"0.00","2997.00","0.00","permanente",,"valor_original","avista","2","0.00",NULL
"370","253","24","1","3997.00","3997.00","pontual","3997.00","3997.00","0.00",NULL,"0.00","3997.00","0.00","permanente",,"valor_original","parcelado","2","0.00",NULL
"395","269","23","1","4597.00","4597.00","recorrente","3997.00","4597.00","88.52",NULL,"0.00","4597.00","-600.00","permanente",,"valor_original","avista","2","0.00",NULL
"363","246","21","1","3997.00","3997.00","recorrente","2997.00","3997.00","66.73",NULL,"0.00","3997.00","-1000.00","permanente",,"valor_original","avista","2","0.00",NULL
"364","247","32","1","5000.00","5000.00","recorrente","2997.00","5000.00","83.32",NULL,"0.00","5000.00","-2003.00","permanente",,"valor_original","avista","2","0.00",NULL
"606","384","24","1","5200.00","5200.00","pontual","5497.00","5200.00","5.40",NULL,"0.00","5200.00","297.00","permanente",,"valor_original","parcelado","3","0.00",NULL
"366","249","21","1","2000.00","2000.00","recorrente","2997.00","2000.00","33.27",NULL,"0.00","2000.00","997.00","permanente",,"valor_original","avista","2","0.00",NULL
"369","252","25","1","5997.00","5997.00","pontual","5997.00","5997.00","0.00",NULL,"0.00","5997.00","0.00","permanente",,"valor_original","parcelado","3","0.00",NULL
"382","262","21","1","2997.00","2997.00","recorrente","2997.00","2997.00","0.00",NULL,"0.00","2997.00","0.00","permanente",,"valor_original","avista","2","0.00",NULL
"379","259","25","1","6497.00","6497.00","pontual","5997.00","6497.00","89.18",NULL,"0.00","6497.00","-500.00","permanente",,"valor_original","avista","2","0.00",NULL
"377","257","56","1","200.00","200.00","pontual","1500.00","200.00","86.67",NULL,"0.00","200.00","1300.00","permanente",,"valor_original","avista","2","0.00",NULL
"381","261","26","1","9997.00","9997.00","pontual","9997.00","9997.00","0.00",NULL,"0.00","9997.00","0.00","permanente",,"valor_original","parcelado","5","0.00",NULL
"383","262","24","1","5497.00","5497.00","pontual","3997.00","5497.00","86.26",NULL,"0.00","5497.00","-1500.00","permanente",,"valor_original","parcelado","2","0.00",NULL
"384","262","22","1","2750.00","2750.00","pontual","2750.00","2750.00","0.00",NULL,"0.00","2750.00","0.00","permanente",,"valor_original","parcelado","2","0.00",NULL
"526","345","22","1","2375.00","2375.00","recorrente","2750.00","2375.00","13.64",NULL,"0.00","2375.00","375.00","permanente",,"valor_original","avista","2","0.00",NULL
"387","265","21","1","2497.00","2497.00","recorrente","2997.00","2497.00","16.68",NULL,"0.00","2497.00","500.00","temporario","3","valor_original","avista","2","0.00",NULL
"388","266","21","1","3997.00","3997.00","recorrente","2997.00","3997.00","66.73",NULL,"0.00","3997.00","-1000.00","permanente",,"valor_original","avista","2","0.00",NULL
"389","266","22","1","2750.00","2750.00","recorrente","2750.00","2750.00","0.00",NULL,"0.00","2750.00","0.00","permanente",,"valor_original","avista","2","0.00",NULL
"390","266","24","1","3997.00","3997.00","recorrente","3997.00","3997.00","0.00",NULL,"0.00","3997.00","0.00","permanente",,"valor_original","avista","2","0.00",NULL
"391","266","46","1","3000.00","3000.00","recorrente","5000.00","3000.00","40.00",NULL,"0.00","3000.00","2000.00","permanente",,"valor_original","avista","2","0.00",NULL
"392","266","44","1","56.00","56.00","recorrente","497.00","56.00","88.73",NULL,"0.00","56.00","441.00","permanente",,"valor_original","avista","2","0.00",NULL
"393","267","40","1","8000.00","8000.00","pontual","5000.00","8000.00","84.00",NULL,"0.00","8000.00","-3000.00","permanente",,"valor_original","parcelado","4","0.00",NULL
"394","268","22","1","1997.00","1997.00","pontual","2750.00","1997.00","27.38",NULL,"0.00","1997.00","753.00","permanente",,"valor_original","avista","2","0.00",NULL
"396","269","40","1","10000.00","10000.00","pontual","5000.00","10000.00","80.00",NULL,"0.00","10000.00","-5000.00","permanente",,"valor_original","avista","2","0.00",NULL
"428","291","24","1","3997.00","3997.00","pontual","3997.00","3997.00","0.00",NULL,"0.00","3997.00","0.00","permanente",,"valor_original","avista","2","0.00",NULL
"406","276","21","1","2497.00","2497.00","recorrente","2997.00","2497.00","16.68",NULL,"0.00","2497.00","500.00","permanente",,"valor_original","avista","2","0.00",NULL
"407","276","22","1","1997.00","1997.00","recorrente","2750.00","1997.00","27.38",NULL,"0.00","1997.00","753.00","permanente",,"valor_original","avista","2","0.00",NULL
"740","480","38","1","15000.00","15000.00","pontual","20000.00","15000.00","25.00",NULL,"0.00","15000.00","5000.00","permanente",,"valor_original","parcelado","4","0.00",NULL
"691","439","38","1","20000.00","20000.00","pontual","20000.00","20000.00","0.00",NULL,"0.00","20000.00","0.00","permanente",,"valor_original","parcelado","5","0.00",NULL
"416","281","39","1","20000.00","20000.00","pontual","10000.00","20000.00","80.00",NULL,"0.00","20000.00","-10000.00","permanente",,"valor_original","parcelado","3","0.00",NULL
"425","289","40","1","3000.00","3000.00","pontual","5000.00","3000.00","40.00",NULL,"0.00","3000.00","2000.00","permanente",,"valor_original","parcelado","2","0.00",NULL
"527","345","22","1","2375.00","2375.00","recorrente","2750.00","2375.00","13.64",NULL,"0.00","2375.00","375.00","permanente",,"valor_original","avista","2","0.00",NULL
"435","296","21","1","4997.00","4997.00","recorrente","2997.00","4997.00","83.35",NULL,"0.00","4997.00","-2000.00","permanente",,"valor_original","avista","2","0.00",NULL
"421","286","21","1","2997.00","2997.00","recorrente","2997.00","2997.00","0.00",NULL,"0.00","2997.00","0.00","permanente",,"valor_original","avista","2","0.00",NULL
"422","287","21","1","3997.00","3997.00","recorrente","2997.00","3997.00","86.69",NULL,"0.00","3997.00","-1000.00","permanente",,"valor_original","avista","2","0.00",NULL
"423","287","22","1","2500.00","2500.00","recorrente","2750.00","2500.00","9.09",NULL,"0.00","2500.00","250.00","permanente",,"valor_original","avista","2","0.00",NULL
"424","288","24","1","3997.00","3997.00","pontual","3997.00","3997.00","0.00",NULL,"0.00","3997.00","0.00","permanente",,"valor_original","avista","2","0.00",NULL
"439","299","21","1","3997.00","3997.00","recorrente","2997.00","3997.00","66.73",NULL,"0.00","3997.00","-1000.00","permanente",,"valor_original","avista","2","0.00",NULL
"605","384","51","1","1997.00","1997.00","pontual","2997.00","1997.00","33.37",NULL,"0.00","1997.00","1000.00","permanente",,"valor_original","parcelado","3","0.00",NULL
"594","380","38","1","15000.00","15000.00","pontual","20000.00","15000.00","25.00",NULL,"0.00","15000.00","5000.00","permanente",,"valor_original","avista","2","0.00",NULL
"445","303","53","1","3000.00","3000.00","recorrente","3000.00","3000.00","0.00",NULL,"0.00","3000.00","0.00","permanente",,"valor_original","avista","2","0.00",NULL
"446","304","21","1","3500.00","3500.00","recorrente","2997.00","3500.00","88.32",NULL,"0.00","3500.00","-503.00","permanente",,"valor_original","avista","2","0.00",NULL
"447","304","54","1","2000.00","2000.00","pontual","2997.00","2000.00","33.27",NULL,"0.00","2000.00","997.00","permanente",,"valor_original","avista","2","0.00",NULL
"448","305","38","1","15000.00","15000.00","pontual","20000.00","15000.00","25.00",NULL,"0.00","15000.00","5000.00","permanente",,"valor_original","parcelado","3","0.00",NULL
"449","305","38","1","15000.00","15000.00","pontual","20000.00","15000.00","25.00",NULL,"0.00","15000.00","5000.00","permanente",,"valor_original","parcelado","3","0.00",NULL
"450","306","59","1","12000.00","12000.00","pontual","2000.00","12000.00","0.00",NULL,"0.00","12000.00","-10000.00","permanente",,"valor_original","parcelado","2","0.00",NULL
"451","307","59","1","12000.00","12000.00","pontual","2000.00","12000.00","0.00",NULL,"0.00","12000.00","-10000.00","permanente",,"valor_original","parcelado","3","0.00",NULL
"695","442","21","1","3997.00","3997.00","recorrente","2997.00","3997.00","66.73",NULL,"0.00","3997.00","-1000.00","permanente",,"valor_original","avista","2","0.00",NULL
"520","339","24","1","3997.00","3997.00","pontual","5497.00","3997.00","27.29",NULL,"0.00","3997.00","1500.00","permanente",,"valor_original","parcelado","2","0.00",NULL
"515","338","38","1","11400.00","11400.00","pontual","20000.00","11400.00","43.00",NULL,"0.00","11400.00","8600.00","permanente",,"valor_original","parcelado","6","0.00",NULL
"500","329","24","1","5000.00","5000.00","recorrente","5497.00","5000.00","9.04",NULL,"0.00","5000.00","497.00","permanente",,"valor_original","avista","2","0.00",NULL
"481","320","24","1","5497.00","5497.00","pontual","5497.00","5497.00","0.00",NULL,"0.00","5497.00","0.00","permanente",,"valor_original","parcelado","3","0.00",NULL
"480","320","21","1","2997.00","2997.00","recorrente","2997.00","2997.00","0.00",NULL,"0.00","2997.00","0.00","permanente",,"valor_original","avista","2","0.00",NULL
"511","335","21","1","2997.00","2997.00","recorrente","2997.00","2997.00","0.00",NULL,"0.00","2997.00","0.00","permanente",,"valor_original","avista","2","0.00",NULL
"510","335","22","1","2500.00","2500.00","recorrente","2750.00","2500.00","9.09",NULL,"0.00","2500.00","250.00","permanente",,"valor_original","avista","2","0.00",NULL
"607","385","21","1","2500.00","2500.00","recorrente","2997.00","2500.00","16.58",NULL,"0.00","2500.00","497.00","temporario","3","valor_original","avista","2","0.00",NULL
"486","323","46","1","497.00","497.00","recorrente","5000.00","497.00","90.06",NULL,"0.00","497.00","4503.00","permanente",,"valor_original","avista","2","0.00",NULL
"485","323","51","1","2100.00","2100.00","pontual","2997.00","2100.00","29.93",NULL,"0.00","2100.00","897.00","permanente",,"valor_original","avista","2","0.00",NULL
"487","323","52","1","1597.00","1597.00","recorrente","2000.00","1597.00","20.15",NULL,"0.00","1597.00","403.00","permanente",,"valor_original","avista","2","0.00",NULL
"495","326","21","1","2997.00","2997.00","recorrente","2997.00","2997.00","0.00",NULL,"0.00","2997.00","0.00","permanente",,"valor_original","avista","2","0.00",NULL
"593","379","22","1","2750.00","2750.00","recorrente","2750.00","2750.00","0.00",NULL,"0.00","2750.00","0.00","permanente",,"valor_original","avista","2","0.00",NULL
"592","379","24","1","5497.00","5497.00","pontual","5497.00","5497.00","0.00",NULL,"0.00","5497.00","0.00","permanente",,"valor_original","parcelado","3","0.00",NULL
"591","378","24","1","5497.00","5497.00","pontual","5497.00","5497.00","0.00",NULL,"0.00","5497.00","0.00","permanente",,"valor_original","parcelado","3","0.00",NULL
"496","326","24","1","5497.00","5497.00","pontual","5497.00","5497.00","0.00",NULL,"0.00","5497.00","0.00","permanente",,"valor_original","parcelado","3","0.00",NULL
"690","438","24","1","21998.00","21998.00","pontual","5497.00","21998.00","60.00",NULL,"0.00","21998.00","-16501.00","permanente",,"valor_original","parcelado","12","0.00",NULL
"498","328","59","1","500.00","500.00","pontual","2000.00","500.00","75.00",NULL,"0.00","500.00","1500.00","permanente",,"valor_original","avista","2","0.00",NULL
"499","328","21","1","2500.00","2500.00","recorrente","2997.00","2500.00","16.58",NULL,"0.00","2500.00","497.00","temporario","3","valor_original","avista","2","0.00",NULL
"504","333","24","1","3500.00","3500.00","pontual","5497.00","3500.00","36.33",NULL,"0.00","3500.00","1997.00","permanente",,"valor_original","avista","2","0.00",NULL
"563","363","24","1","5497.00","5497.00","recorrente","5497.00","5497.00","0.00",NULL,"0.00","5497.00","0.00","permanente",,"valor_original","avista","2","0.00",NULL
"562","363","22","1","2997.00","2997.00","recorrente","2750.00","2997.00","89.13",NULL,"0.00","2997.00","-247.00","permanente",,"valor_original","avista","2","0.00",NULL
"561","363","21","1","3997.00","3997.00","recorrente","2997.00","3997.00","66.73",NULL,"0.00","3997.00","-1000.00","permanente",,"valor_original","avista","2","0.00",NULL
"560","362","24","1","3997.00","3997.00","pontual","5497.00","3997.00","27.29",NULL,"0.00","3997.00","1500.00","permanente",,"valor_original","parcelado","4","0.00",NULL
"559","361","25","1","6497.00","6497.00","pontual","6497.00","6497.00","0.00",NULL,"0.00","6497.00","0.00","permanente",,"valor_original","parcelado","3","0.00",NULL
"513","336","27","1","1700.00","1700.00","recorrente","1997.00","1700.00","14.87",NULL,"0.00","1700.00","297.00","temporario","2","valor_original","avista","2","0.00",NULL
"529","345","22","1","2375.00","2375.00","recorrente","2750.00","2375.00","13.64",NULL,"0.00","2375.00","375.00","permanente",,"valor_original","avista","2","0.00",NULL
"516","338","19","1","7597.50","7597.50","pontual","1500.00","7597.50","0.00",NULL,"0.00","7597.50","-6097.50","permanente",,"valor_original","parcelado","6","0.00",NULL
"517","338","21","1","2697.30","2697.30","recorrente","2997.00","2697.30","10.00",NULL,"0.00","2697.30","299.70","permanente",,"valor_original","avista","2","0.00",NULL
"518","338","22","1","2475.00","2475.00","recorrente","2750.00","2475.00","10.00",NULL,"0.00","2475.00","275.00","permanente",,"valor_original","avista","2","0.00",NULL
"519","338","24","1","4941.00","4941.00","recorrente","5497.00","4941.00","10.11",NULL,"0.00","4941.00","556.00","permanente",,"valor_original","avista","2","0.00",NULL
"522","341","21","1","2400.00","2400.00","recorrente","2997.00","2400.00","19.92",NULL,"0.00","2400.00","597.00","temporario","1","valor_original","avista","2","0.00",NULL
"530","346","22","1","2375.00","2375.00","recorrente","2750.00","2375.00","13.64",NULL,"0.00","2375.00","375.00","permanente",,"valor_original","avista","2","0.00",NULL
"531","346","22","1","2375.00","2375.00","recorrente","2750.00","2375.00","13.64",NULL,"0.00","2375.00","375.00","permanente",,"valor_original","avista","2","0.00",NULL
"532","346","22","1","2375.00","2375.00","recorrente","2750.00","2375.00","13.64",NULL,"0.00","2375.00","375.00","permanente",,"valor_original","avista","2","0.00",NULL
"533","346","22","1","2375.00","2375.00","recorrente","2750.00","2375.00","13.64",NULL,"0.00","2375.00","375.00","permanente",,"valor_original","avista","2","0.00",NULL
"534","346","26","1","10997.00","10997.00","pontual","11997.00","10997.00","8.34",NULL,"0.00","10997.00","1000.00","permanente",,"valor_original","parcelado","4","0.00",NULL
"535","347","60","1","12000.00","12000.00","pontual","10000.00","12000.00","88.00",NULL,"0.00","12000.00","-2000.00","permanente",,"valor_original","parcelado","3","0.00",NULL
"536","348","22","1","2375.00","2375.00","recorrente","2750.00","2375.00","13.64",NULL,"0.00","2375.00","375.00","permanente",,"valor_original","avista","2","0.00",NULL
"537","348","22","1","2375.00","2375.00","recorrente","2750.00","2375.00","13.64",NULL,"0.00","2375.00","375.00","permanente",,"valor_original","avista","2","0.00",NULL
"538","348","22","1","2375.00","2375.00","recorrente","2750.00","2375.00","13.64",NULL,"0.00","2375.00","375.00","permanente",,"valor_original","avista","2","0.00",NULL
"539","348","22","1","2375.00","2375.00","recorrente","2750.00","2375.00","13.64",NULL,"0.00","2375.00","375.00","permanente",,"valor_original","avista","2","0.00",NULL
"540","348","26","1","10997.00","10997.00","pontual","11997.00","10997.00","8.34",NULL,"0.00","10997.00","1000.00","permanente",,"valor_original","parcelado","4","0.00",NULL
"696","442","54","1","1500.00","1500.00","pontual","2997.00","1500.00","49.95",NULL,"0.00","1500.00","1497.00","permanente",,"valor_original","parcelado","3","0.00",NULL
"543","350","21","1","2497.00","2497.00","recorrente","2997.00","2497.00","16.68",NULL,"0.00","2497.00","500.00","permanente",,"valor_original","avista","2","0.00",NULL
"545","352","22","1","2750.00","2750.00","recorrente","2750.00","2750.00","0.00",NULL,"0.00","2750.00","0.00","permanente",,"valor_original","avista","2","0.00",NULL
"547","354","25","1","6000.00","6000.00","pontual","6497.00","6000.00","7.65",NULL,"0.00","6000.00","497.00","permanente",,"valor_original","parcelado","3","0.00",NULL
"549","356","21","1","3997.00","3997.00","recorrente","2997.00","3997.00","86.69",NULL,"0.00","3997.00","-1000.00","permanente",,"valor_original","avista","2","0.00",NULL
"550","357","21","1","2997.00","2997.00","recorrente","2997.00","2997.00","0.00",NULL,"0.00","2997.00","0.00","permanente",,"valor_original","avista","2","0.00",NULL
"551","357","51","1","2997.00","2997.00","pontual","2997.00","2997.00","0.00",NULL,"0.00","2997.00","0.00","permanente",,"valor_original","parcelado","5","0.00",NULL
"552","357","25","1","6497.00","6497.00","pontual","6497.00","6497.00","0.00",NULL,"0.00","6497.00","0.00","permanente",,"valor_original","parcelado","5","0.00",NULL
"553","358","24","1","3997.00","3997.00","recorrente","5497.00","3997.00","27.29",NULL,"0.00","3997.00","1500.00","permanente",,"valor_original","avista","2","0.00",NULL
"554","359","40","1","5000.00","5000.00","pontual","5000.00","5000.00","0.00",NULL,"0.00","5000.00","0.00","permanente",,"valor_original","parcelado","3","0.00",NULL
"590","378","22","1","2475.00","2475.00","recorrente","2750.00","2475.00","10.00",NULL,"0.00","2475.00","275.00","temporario","3","valor_original","avista","2","0.00",NULL
"589","378","21","1","2697.30","2697.30","recorrente","2997.00","2697.30","10.00",NULL,"0.00","2697.30","299.70","temporario","3","valor_original","avista","2","0.00",NULL
"588","377","24","1","4380.00","4380.00","pontual","5497.00","4380.00","20.32",NULL,"0.00","4380.00","1117.00","permanente",,"valor_original","parcelado","10","0.00",NULL
"565","364","21","1","2997.00","2997.00","recorrente","2997.00","2997.00","0.00",NULL,"0.00","2997.00","0.00","permanente",,"valor_original","avista","2","0.00",NULL
"564","363","54","1","2997.00","2997.00","pontual","2997.00","2997.00","0.00",NULL,"0.00","2997.00","0.00","permanente",,"valor_original","avista","2","0.00",NULL
"569","366","22","1","2750.00","2750.00","recorrente","2750.00","2750.00","0.00",NULL,"0.00","2750.00","0.00","permanente",,"valor_original","avista","2","0.00",NULL
"570","366","21","1","2997.00","2997.00","recorrente","2997.00","2997.00","0.00",NULL,"0.00","2997.00","0.00","permanente",,"valor_original","avista","2","0.00",NULL
"571","367","21","1","2997.00","2997.00","recorrente","2997.00","2997.00","0.00",NULL,"0.00","2997.00","0.00","permanente",,"valor_original","avista","2","0.00",NULL
"572","367","22","1","2500.00","2500.00","recorrente","2750.00","2500.00","9.09",NULL,"0.00","2500.00","250.00","permanente",,"valor_original","avista","2","0.00",NULL
"573","367","40","1","5000.00","5000.00","pontual","5000.00","5000.00","0.00",NULL,"0.00","5000.00","0.00","permanente",,"valor_original","parcelado","2","0.00",NULL
"675","425","25","1","6497.00","6497.00","pontual","6497.00","6497.00","0.00",NULL,"0.00","6497.00","0.00","permanente",,"valor_original","parcelado","5","0.00",NULL
"580","372","22","1","2497.00","2497.00","recorrente","2750.00","2497.00","9.20",NULL,"0.00","2497.00","253.00","permanente",,"valor_original","avista","2","0.00",NULL
"576","369","22","1","2750.00","2750.00","recorrente","2750.00","2750.00","0.00",NULL,"0.00","2750.00","0.00","permanente",,"valor_original","avista","2","0.00",NULL
"577","369","21","1","2997.00","2997.00","recorrente","2997.00","2997.00","0.00",NULL,"0.00","2997.00","0.00","permanente",,"valor_original","avista","2","0.00",NULL
"581","373","24","1","5497.00","5497.00","pontual","5497.00","5497.00","0.00",NULL,"0.00","5497.00","0.00","permanente",,"valor_original","parcelado","3","0.00",NULL
"582","374","24","1","5000.00","5000.00","pontual","5497.00","5000.00","9.04",NULL,"0.00","5000.00","497.00","permanente",,"valor_original","parcelado","4","0.00",NULL
"583","374","40","1","5000.00","5000.00","pontual","5000.00","5000.00","0.00",NULL,"0.00","5000.00","0.00","permanente",,"valor_original","parcelado","4","0.00",NULL
"584","375","22","1","2750.00","2750.00","recorrente","2750.00","2750.00","0.00",NULL,"0.00","2750.00","0.00","permanente",,"valor_original","avista","2","0.00",NULL
"585","375","21","1","2997.00","2997.00","recorrente","2997.00","2997.00","0.00",NULL,"0.00","2997.00","0.00","permanente",,"valor_original","avista","2","0.00",NULL
"586","375","25","1","6497.00","6497.00","pontual","6497.00","6497.00","0.00",NULL,"0.00","6497.00","0.00","permanente",,"valor_original","avista","2","0.00",NULL
"604","384","21","1","2997.00","2997.00","recorrente","2997.00","2997.00","0.00",NULL,"0.00","2997.00","0.00","permanente",,"valor_original","avista","2","0.00",NULL
"677","427","43","1","3000.00","3000.00","recorrente","2497.00","3000.00","87.99",NULL,"0.00","3000.00","-503.00","permanente","1","valor_original","avista","2","0.00",NULL
"676","426","32","1","10000.00","10000.00","recorrente","2997.00","10000.00","66.63",NULL,"0.00","10000.00","-7003.00","permanente",,"valor_original","avista","2","0.00",NULL
"682","431","64","1","25000.00","25000.00","recorrente","25000.00","25000.00","0.00",NULL,"0.00","25000.00","0.00","permanente",,"valor_original","avista","2","0.00",NULL
"601","383","21","1","3997.00","3997.00","recorrente","2997.00","3997.00","66.73",NULL,"0.00","3997.00","-1000.00","permanente",,"valor_original","avista","2","0.00",NULL
"602","383","22","1","2997.00","2997.00","recorrente","2750.00","2997.00","89.13",NULL,"0.00","2997.00","-247.00","permanente",,"valor_original","avista","2","0.00",NULL
"603","383","54","1","2997.00","2997.00","pontual","2997.00","2997.00","0.00",NULL,"0.00","2997.00","0.00","permanente",,"valor_original","avista","2","0.00",NULL
"608","385","23","1","3997.00","3997.00","pontual","3997.00","3997.00","0.00",NULL,"0.00","3997.00","0.00","permanente",,"valor_original","parcelado","3","0.00",NULL
"617","390","56","1","1150.00","1150.00","pontual","1500.00","1150.00","23.33",NULL,"0.00","1150.00","350.00","permanente",,"valor_original","avista","2","0.00",NULL
"639","403","25","1","6497.00","6497.00","pontual","6497.00","6497.00","0.00",NULL,"0.00","6497.00","0.00","permanente",,"valor_original","avista","2","0.00",NULL
"615","388","21","1","2200.00","2200.00","recorrente","2997.00","2200.00","26.59",NULL,"0.00","2200.00","797.00","temporario","3","valor_original","avista","2","0.00",NULL
"673","423","19","1","7000.00","7000.00","pontual","1500.00","7000.00","53.33",NULL,"0.00","7000.00","-5500.00","permanente",,"valor_original","parcelado","2","0.00",NULL
"656","417","24","1","4500.00","4500.00","pontual","5497.00","4500.00","18.14",NULL,"0.00","4500.00","997.00","permanente",,"valor_original","parcelado","3","0.00",NULL
"686","434","32","1","10000.00","10000.00","recorrente","2997.00","10000.00","66.63",NULL,"0.00","10000.00","-7003.00","permanente",,"valor_original","avista","2","0.00",NULL
"624","393","24","1","5497.00","5497.00","pontual","5497.00","5497.00","0.00",NULL,"0.00","5497.00","0.00","permanente",,"valor_original","parcelado","3","0.00",NULL
"629","398","21","1","2500.00","2500.00","recorrente","2997.00","2500.00","16.58",NULL,"0.00","2500.00","497.00","temporario","3","valor_original","avista","2","0.00",NULL
"633","400","24","1","5497.00","5497.00","pontual","5497.00","5497.00","0.00",NULL,"0.00","5497.00","0.00","permanente",,"valor_original","parcelado","3","0.00",NULL
"626","395","24","1","5497.00","5497.00","pontual","5497.00","5497.00","0.00",NULL,"0.00","5497.00","0.00","permanente",,"valor_original","parcelado","2","0.00",NULL
"632","400","21","1","2497.00","2497.00","recorrente","2997.00","2497.00","16.68",NULL,"0.00","2497.00","500.00","temporario","3","valor_original","avista","2","0.00",NULL
"634","401","62","1","2000.00","2000.00","recorrente","2500.00","2000.00","20.00",NULL,"0.00","2000.00","500.00","permanente",,"valor_original","avista","2","0.00",NULL
"635","401","21","1","4000.00","4000.00","recorrente","2997.00","4000.00","86.65",NULL,"0.00","4000.00","-1003.00","permanente",,"valor_original","avista","2","0.00",NULL
"636","401","22","1","4000.00","4000.00","recorrente","2750.00","4000.00","85.45",NULL,"0.00","4000.00","-1250.00","permanente",,"valor_original","avista","2","0.00",NULL
"637","401","24","1","26000.00","26000.00","pontual","5497.00","26000.00","52.70",NULL,"0.00","26000.00","-20503.00","permanente",,"valor_original","parcelado","8","0.00",NULL
"638","402","25","1","25988.00","25988.00","pontual","6497.00","25988.00","0.00",NULL,"0.00","25988.00","-19491.00","permanente",,"valor_original","parcelado","8","0.00",NULL
"640","404","63","1","36000.00","36000.00","pontual","36000.00","36000.00","0.00",NULL,"0.00","36000.00","0.00","permanente",,"valor_original","parcelado","8","0.00",NULL
"641","405","25","1","6497.00","6497.00","pontual","6497.00","6497.00","0.00",NULL,"0.00","6497.00","0.00","permanente",,"valor_original","parcelado","3","0.00",NULL
"698","444","25","1","6497.00","6497.00","recorrente","6497.00","6497.00","0.00",NULL,"0.00","6497.00","0.00","permanente",,"valor_original","avista","2","0.00",NULL
"643","407","21","1","2000.00","2000.00","recorrente","2997.00","2000.00","33.27",NULL,"0.00","2000.00","997.00","temporario","2","valor_original","avista","2","0.00",NULL
"697","443","24","1","5497.00","5497.00","pontual","5497.00","5497.00","0.00",NULL,"0.00","5497.00","0.00","permanente",,"valor_original","parcelado","4","0.00",NULL
"646","410","21","1","2500.00","2500.00","recorrente","2997.00","2500.00","16.58",NULL,"0.00","2500.00","497.00","temporario","2","valor_original","avista","2","0.00",NULL
"647","411","21","1","2497.00","2497.00","recorrente","2997.00","2497.00","16.68",NULL,"0.00","2497.00","500.00","temporario","3","valor_original","avista","2","0.00",NULL
"658","418","54","1","2997.00","2997.00","pontual","2997.00","2997.00","0.00",NULL,"0.00","2997.00","0.00","permanente",,"valor_original","parcelado","3","0.00",NULL
"657","418","21","1","2500.00","2500.00","recorrente","2997.00","2500.00","16.58",NULL,"0.00","2500.00","497.00","temporario","3","valor_original","avista","2","0.00",NULL
"652","415","21","1","2997.00","2997.00","recorrente","2997.00","2997.00","0.00",NULL,"0.00","2997.00","0.00","permanente",,"valor_original","avista","2","0.00",NULL
"653","415","24","1","5500.00","5500.00","pontual","5497.00","5500.00","89.99",NULL,"0.00","5500.00","-3.00","permanente",,"valor_original","parcelado","6","0.00",NULL
"654","415","54","1","1000.00","1000.00","pontual","2997.00","1000.00","66.63",NULL,"0.00","1000.00","1997.00","permanente",,"valor_original","parcelado","6","0.00",NULL
"744","483","22","1","2500.00","2500.00","recorrente","2750.00","2500.00","9.09",NULL,"0.00","2500.00","250.00","temporario","3","valor_original","avista","2","0.00",NULL
"742","481","51","1","18000.00","18000.00","pontual","2997.00","18000.00","39.94",NULL,"0.00","18000.00","-15003.00","permanente",,"valor_original","avista","2","0.00",NULL
"741","481","52","1","2300.00","2300.00","recorrente","2000.00","2300.00","88.50",NULL,"0.00","2300.00","-300.00","permanente",,"valor_original","avista","2","0.00",NULL
"663","421","53","1","9997.00","9997.00","recorrente","3000.00","9997.00","66.70",NULL,"0.00","9997.00","-6997.00","permanente",,"valor_original","avista","2","0.00",NULL
"672","423","32","1","5000.00","5000.00","recorrente","2997.00","5000.00","83.32",NULL,"0.00","5000.00","-2003.00","permanente",,"valor_original","avista","2","0.00",NULL
"671","423","53","1","3000.00","3000.00","recorrente","3000.00","3000.00","0.00",NULL,"0.00","3000.00","0.00","permanente",,"valor_original","avista","2","0.00",NULL
"670","423","21","1","2500.00","2500.00","recorrente","2997.00","2500.00","16.58",NULL,"0.00","2500.00","497.00","temporario","3","valor_original","avista","2","0.00",NULL
"669","423","22","1","2500.00","2500.00","recorrente","2750.00","2500.00","9.09",NULL,"0.00","2500.00","250.00","permanente",,"valor_original","avista","2","0.00",NULL
"678","428","22","1","2750.00","2750.00","pontual","2750.00","2750.00","0.00",NULL,"0.00","2750.00","0.00","permanente",,"valor_original","avista","2","0.00",NULL
"679","428","21","1","2997.00","2997.00","recorrente","2997.00","2997.00","0.00",NULL,"0.00","2997.00","0.00","permanente",,"valor_original","avista","2","0.00",NULL
"705","451","21","1","2497.00","2497.00","recorrente","2997.00","2497.00","16.68",NULL,"0.00","2497.00","500.00","permanente",,"valor_original","avista","2","0.00",NULL
"685","433","29","1","4497.00","4497.00","recorrente","4997.00","4497.00","10.01",NULL,"0.00","4497.00","500.00","permanente",,"valor_original","avista","2","0.00",NULL
"702","448","25","1","6497.00","6497.00","pontual","6497.00","6497.00","0.00",NULL,"0.00","6497.00","0.00","permanente",,"valor_original","parcelado","4","0.00",NULL
"704","450","28","1","2800.00","2800.00","recorrente","2997.00","2800.00","6.57",NULL,"0.00","2800.00","197.00","permanente",,"valor_original","avista","2","0.00",NULL
"707","453","24","1","4000.00","4000.00","pontual","5497.00","4000.00","27.23",NULL,"0.00","4000.00","1497.00","permanente",,"valor_original","avista","2","0.00",NULL
"708","454","24","1","5497.00","5497.00","recorrente","5497.00","5497.00","0.00",NULL,"0.00","5497.00","0.00","permanente",,"valor_original","avista","2","0.00",NULL
"795","507","24","1","5497.00","5497.00","recorrente","5497.00","5497.00","0.00",NULL,"0.00","5497.00","0.00","permanente",,"valor_original","avista","2","0.00",NULL
"745","483","21","1","2750.00","2750.00","recorrente","2997.00","2750.00","8.24",NULL,"0.00","2750.00","247.00","temporario","3","valor_original","avista","2","0.00",NULL
"746","483","24","1","6997.00","6997.00","pontual","5497.00","6997.00","87.32",NULL,"0.00","6997.00","-1500.00","permanente",,"valor_original","parcelado","3","0.00",NULL
"712","457","66","1","40000.00","40000.00","pontual","40000.00","40000.00","0.00",NULL,"0.00","40000.00","0.00","permanente",,"valor_original","parcelado","6","0.00",NULL
"713","458","25","1","6497.00","6497.00","recorrente","6497.00","6497.00","0.00",NULL,"0.00","6497.00","0.00","permanente",,"valor_original","avista","2","0.00",NULL
"714","458","60","1","7000.00","7000.00","pontual","10000.00","7000.00","30.00",NULL,"0.00","7000.00","3000.00","permanente",,"valor_original","avista","2","0.00",NULL
"715","459","53","1","1997.00","1997.00","recorrente","3000.00","1997.00","33.43",NULL,"0.00","1997.00","1003.00","permanente",,"valor_original","avista","2","0.00",NULL
"716","460","53","1","1997.00","1997.00","recorrente","3000.00","1997.00","33.43",NULL,"0.00","1997.00","1003.00","permanente",,"valor_original","avista","2","0.00",NULL
"717","461","24","1","7000.00","7000.00","pontual","5497.00","7000.00","87.27",NULL,"0.00","7000.00","-1503.00","permanente",,"valor_original","parcelado","3","0.00",NULL
"852","544","67","1","21988.00","21988.00","pontual","5497.00","21988.00","60.01",NULL,"0.00","21988.00","-16491.00","permanente",,"valor_original","parcelado","8","0.00",NULL
"851","543","46","1","297.00","297.00","recorrente","5000.00","297.00","94.06",NULL,"0.00","297.00","4703.00","permanente",,"valor_original","avista","2","0.00",NULL
"810","518","67","1","6000.00","6000.00","pontual","5497.00","6000.00","89.08",NULL,"0.00","6000.00","-503.00","permanente",,"valor_original","parcelado","2","0.00",NULL
"831","533","24","1","5497.00","5497.00","pontual","5497.00","5497.00","0.00",NULL,"0.00","5497.00","0.00","permanente",,"valor_original","avista","2","0.00",NULL
"722","464","66","1","40000.00","40000.00","pontual","40000.00","40000.00","0.00",NULL,"0.00","40000.00","0.00","permanente",,"valor_original","parcelado","6","0.00",NULL
"723","465","21","1","3297.00","3297.00","recorrente","2997.00","3297.00","89.02",NULL,"0.00","3297.00","-300.00","permanente",,"valor_original","avista","2","0.00",NULL
"724","465","46","1","5000.00","5000.00","pontual","5000.00","5000.00","0.00",NULL,"0.00","5000.00","0.00","permanente",,"valor_original","avista","2","0.00",NULL
"725","466","24","1","21988.00","21988.00","pontual","5497.00","21988.00","60.01",NULL,"0.00","21988.00","-16491.00","permanente",,"valor_original","parcelado","8","0.00",NULL
"728","469","21","1","3997.00","3997.00","recorrente","2997.00","3997.00","66.73",NULL,"0.00","3997.00","-1000.00","permanente",,"valor_original","avista","2","0.00",NULL
"727","468","41","1","497.00","497.00","recorrente","497.00","497.00","0.00",NULL,"0.00","497.00","0.00","permanente",,"valor_original","avista","2","0.00",NULL
"729","469","54","1","2997.00","2997.00","pontual","2997.00","2997.00","0.00",NULL,"0.00","2997.00","0.00","permanente",,"valor_original","parcelado","3","0.00",NULL
"731","471","21","1","2997.00","2997.00","recorrente","2997.00","2997.00","0.00",NULL,"0.00","2997.00","0.00","permanente",,"valor_original","avista","2","0.00",NULL
"747","484","65","1","40000.00","40000.00","pontual","40000.00","40000.00","0.00",NULL,"0.00","40000.00","0.00","permanente",,"valor_original","parcelado","4","0.00",NULL
"850","543","46","1","5000.00","5000.00","pontual","5000.00","5000.00","0.00",NULL,"0.00","5000.00","0.00","permanente",,"valor_original","avista","2","0.00",NULL
"791","505","69","1","13997.00","13997.00","pontual","11997.00","13997.00","0.00",NULL,"0.00","13997.00","-2000.00","permanente",,"valor_original","avista","2","0.00",NULL
"822","526","21","1","6997.00","6997.00","recorrente","2997.00","6997.00","76.68",NULL,"0.00","6997.00","-4000.00","permanente",,"valor_original","avista","2","0.00",NULL
"738","478","22","1","2750.00","2750.00","recorrente","2750.00","2750.00","0.00",NULL,"0.00","2750.00","0.00","permanente",,"valor_original","avista","2","0.00",NULL
"775","498","38","1","15000.00","15000.00","pontual","20000.00","15000.00","25.00",NULL,"0.00","15000.00","5000.00","permanente",,"valor_original","parcelado","6","0.00",NULL
"805","515","67","1","6000.00","6000.00","pontual","5497.00","6000.00","89.08",NULL,"0.00","6000.00","-503.00","permanente",,"valor_original","parcelado","3","0.00",NULL
"758","489","32","1","8500.00","8500.00","recorrente","10000.00","8500.00","15.00",NULL,"0.00","8500.00","1500.00","permanente",,"valor_original","avista","2","0.00",NULL
"830","533","21","1","2500.00","2500.00","recorrente","2997.00","2500.00","16.58",NULL,"0.00","2500.00","497.00","permanente",,"valor_original","avista","2","0.00",NULL
"812","520","21","1","2500.00","2500.00","recorrente","2997.00","2500.00","16.58",NULL,"0.00","2500.00","497.00","temporario","3","valor_original","avista","2","0.00",NULL
"755","488","24","1","21988.00","21988.00","pontual","5497.00","21988.00","99.62",NULL,"0.00","21988.00","-16491.00","permanente",,"valor_original","parcelado","12","0.00",NULL
"756","488","21","1","2997.00","2997.00","recorrente","2997.00","2997.00","0.00",NULL,"0.00","2997.00","0.00","permanente",,"valor_original","avista","2","0.00",NULL
"757","488","51","1","2997.00","2997.00","pontual","2997.00","2997.00","0.00",NULL,"0.00","2997.00","0.00","permanente",,"valor_original","parcelado","12","0.00",NULL
"804","514","67","1","21988.00","21988.00","pontual","5497.00","21988.00","60.01",NULL,"0.00","21988.00","-16491.00","permanente",,"valor_original","parcelado","12","0.00",NULL
"762","491","24","1","21988.00","21988.00","pontual","5497.00","21988.00","60.01",NULL,"0.00","21988.00","-16491.00","permanente",,"valor_original","parcelado","12","0.00",NULL
"763","491","21","1","2997.00","2997.00","recorrente","2997.00","2997.00","0.00",NULL,"0.00","2997.00","0.00","permanente",,"valor_original","avista","2","0.00",NULL
"764","491","51","1","2997.00","2997.00","pontual","2997.00","2997.00","0.00",NULL,"0.00","2997.00","0.00","permanente",,"valor_original","parcelado","12","0.00",NULL
"765","492","38","1","15000.00","15000.00","pontual","20000.00","15000.00","25.00",NULL,"0.00","15000.00","5000.00","permanente",,"valor_original","avista","2","0.00",NULL
"766","493","21","1","2997.00","2997.00","recorrente","2997.00","2997.00","0.00",NULL,"0.00","2997.00","0.00","permanente",,"valor_original","avista","2","0.00",NULL
"767","493","54","1","2997.00","2997.00","pontual","2997.00","2997.00","0.00",NULL,"0.00","2997.00","0.00","permanente",,"valor_original","avista","2","0.00",NULL
"768","494","32","1","8500.00","8500.00","recorrente","10000.00","8500.00","15.00",NULL,"0.00","8500.00","1500.00","permanente",,"valor_original","avista","2","0.00",NULL
"769","494","24","1","6500.00","6500.00","recorrente","5497.00","6500.00","90.90",NULL,"0.00","6500.00","-1003.00","permanente",,"valor_original","avista","2","0.00",NULL
"770","495","25","1","8000.00","8000.00","pontual","6497.00","8000.00","87.69",NULL,"0.00","8000.00","-1503.00","permanente",,"valor_original","parcelado","3","0.00",NULL
"771","495","22","1","2500.00","2500.00","recorrente","2750.00","2500.00","9.09",NULL,"0.00","2500.00","250.00","permanente",,"valor_original","avista","2","0.00",NULL
"772","496","22","1","3997.00","3997.00","recorrente","2750.00","3997.00","85.49",NULL,"0.00","3997.00","-1247.00","permanente",,"valor_original","avista","2","0.00",NULL
"815","522","23","1","3000.00","3000.00","recorrente","3997.00","3000.00","24.94",NULL,"0.00","3000.00","997.00","temporario","3","valor_original","avista","2","0.00",NULL
"814","522","21","1","6997.00","6997.00","recorrente","2997.00","6997.00","66.73",NULL,"0.00","6997.00","-4000.00","temporario","3","valor_original","avista","2","0.00",NULL
"806","516","22","1","2300.00","2300.00","recorrente","2750.00","2300.00","16.36",NULL,"0.00","2300.00","450.00","permanente",,"valor_original","avista","2","0.00",NULL
"787","503","54","1","2997.00","2997.00","pontual","2997.00","2997.00","0.00",NULL,"0.00","2997.00","0.00","permanente",,"valor_original","avista","2","0.00",NULL
"786","503","21","1","2500.00","2500.00","recorrente","2997.00","2500.00","16.58",NULL,"0.00","2500.00","497.00","temporario","3","valor_original","avista","2","0.00",NULL
"781","501","67","1","21988.00","21988.00","pontual","5497.00","21988.00","96.02",NULL,"0.00","21988.00","-16491.00","temporario",,"valor_original","parcelado","12","0.00",NULL
"782","501","21","1","2997.00","2997.00","recorrente","2997.00","2997.00","0.00",NULL,"0.00","2997.00","0.00","permanente",,"valor_original","avista","2","0.00",NULL
"803","513","21","1","3500.00","3500.00","recorrente","2997.00","3500.00","88.32",NULL,"0.00","3500.00","-503.00","permanente",,"valor_original","avista","2","0.00",NULL
"788","504","34","1","15000.00","15000.00","recorrente","20000.00","15000.00","25.00",NULL,"0.00","15000.00","5000.00","permanente",,"valor_original","avista","2","0.00",NULL
"789","504","25","1","6497.00","6497.00","recorrente","6497.00","6497.00","0.00",NULL,"0.00","6497.00","0.00","permanente",,"valor_original","avista","2","0.00",NULL
"790","504","36","1","20000.00","20000.00","pontual","11997.00","20000.00","83.33",NULL,"0.00","20000.00","-8003.00","permanente",,"valor_original","parcelado","4","0.00",NULL
"792","506","21","1","4997.00","4997.00","recorrente","2997.00","4997.00","83.35",NULL,"0.00","4997.00","-2000.00","permanente",,"valor_original","avista","2","0.00",NULL
"793","506","22","1","2750.00","2750.00","recorrente","2750.00","2750.00","0.00",NULL,"0.00","2750.00","0.00","permanente",,"valor_original","avista","2","0.00",NULL
"794","506","54","1","2997.00","2997.00","pontual","2997.00","2997.00","0.00",NULL,"0.00","2997.00","0.00","permanente",,"valor_original","avista","2","0.00",NULL
"798","510","68","1","25988.00","25988.00","pontual","6497.00","25988.00","60.01",NULL,"0.00","25988.00","-19491.00","permanente",,"valor_original","parcelado","8","0.00",NULL
"799","511","21","1","4997.00","4997.00","recorrente","2997.00","4997.00","83.35",NULL,"0.00","4997.00","-2000.00","permanente",,"valor_original","avista","2","0.00",NULL
"800","511","24","1","6997.00","6997.00","recorrente","5497.00","6997.00","87.28",NULL,"0.00","6997.00","-1500.00","permanente",,"valor_original","avista","2","0.00",NULL
"801","511","54","1","2997.00","2997.00","pontual","2997.00","2997.00","0.00",NULL,"0.00","2997.00","0.00","permanente",,"valor_original","avista","2","0.00",NULL
"816","523","54","1","8900.00","8900.00","pontual","2997.00","8900.00","70.30",NULL,"0.00","8900.00","-5903.00","permanente",,"valor_original","parcelado","3","0.00",NULL
"817","523","21","1","2997.00","2997.00","recorrente","2997.00","2997.00","0.00",NULL,"0.00","2997.00","0.00","permanente",,"valor_original","avista","2","0.00",NULL
"818","523","67","1","21988.00","21988.00","pontual","5497.00","21988.00","60.01",NULL,"0.00","21988.00","-16491.00","permanente",,"valor_original","parcelado","8","0.00",NULL
"819","524","69","1","47988.00","47988.00","pontual","11997.00","47988.00","60.01",NULL,"0.00","47988.00","-35991.00","permanente",,"valor_original","parcelado","12","0.00",NULL
"820","524","21","1","11998.00","11998.00","recorrente","2997.00","11998.00","59.99",NULL,"0.00","11998.00","-9001.00","permanente",,"valor_original","avista","2","0.00",NULL
"823","526","23","1","3497.00","3497.00","recorrente","3997.00","3497.00","12.51",NULL,"0.00","3497.00","500.00","permanente",,"valor_original","avista","2","0.00",NULL
"824","527","21","1","2147.00","2147.00","recorrente","2997.00","2147.00","28.36",NULL,"0.00","2147.00","850.00","permanente",,"valor_original","avista","2","0.00",NULL
"838","537","22","1","3000.00","3000.00","pontual","2750.00","3000.00","89.09",NULL,"0.00","3000.00","-250.00","permanente",,"valor_original","parcelado","2","0.00",NULL
"828","531","24","1","5497.00","5497.00","pontual","5497.00","5497.00","0.00",NULL,"0.00","5497.00","0.00","permanente",,"valor_original","parcelado","4","0.00",NULL
"832","534","21","1","8997.00","8997.00","recorrente","2997.00","8997.00","70.00",NULL,"0.00","8997.00","-6000.00","permanente",,"valor_original","avista","2","0.00",NULL
"833","534","24","1","6997.00","6997.00","recorrente","5497.00","6997.00","87.28",NULL,"0.00","6997.00","-1500.00","permanente",,"valor_original","avista","2","0.00",NULL
"834","534","22","1","2997.00","2997.00","recorrente","2750.00","2997.00","0.00",NULL,"0.00","2997.00","-247.00","permanente",,"valor_original","avista","2","0.00",NULL
"835","534","32","1","10000.00","10000.00","recorrente","10000.00","10000.00","0.00",NULL,"0.00","10000.00","0.00","permanente",,"valor_original","avista","2","0.00",NULL
"836","535","21","1","2997.00","2997.00","recorrente","2997.00","2997.00","0.00",NULL,"0.00","2997.00","0.00","permanente",,"valor_original","avista","2","0.00",NULL
"837","536","22","1","2300.00","2300.00","recorrente","2750.00","2300.00","16.36",NULL,"0.00","2300.00","450.00","temporario","3","valor_original","avista","2","0.00",NULL
"839","538","21","1","2997.00","2997.00","recorrente","2997.00","2997.00","0.00",NULL,"0.00","2997.00","0.00","permanente",,"valor_original","avista","2","0.00",NULL
"840","538","67","1","5497.00","5497.00","pontual","5497.00","5497.00","0.00",NULL,"0.00","5497.00","0.00","permanente",,"valor_original","parcelado","4","0.00",NULL
"841","539","21","1","3997.00","3997.00","recorrente","2997.00","3997.00","86.69",NULL,"0.00","3997.00","-1000.00","permanente",,"valor_original","avista","2","0.00",NULL
"842","539","22","1","2750.00","2750.00","recorrente","2750.00","2750.00","0.00",NULL,"0.00","2750.00","0.00","permanente",,"valor_original","avista","2","0.00",NULL
"843","539","67","1","21988.00","21988.00","pontual","5497.00","21988.00","60.01",NULL,"0.00","21988.00","-16491.00","permanente",,"valor_original","parcelado","6","0.00",NULL
"844","540","24","1","5497.00","5497.00","pontual","5497.00","5497.00","0.00",NULL,"0.00","5497.00","0.00","permanente",,"valor_original","parcelado","4","0.00",NULL
"845","540","24","1","5497.00","5497.00","pontual","5497.00","5497.00","0.00",NULL,"0.00","5497.00","0.00","permanente",,"valor_original","parcelado","4","0.00",NULL
"846","541","21","1","2997.00","2997.00","recorrente","2997.00","2997.00","0.00",NULL,"0.00","2997.00","0.00","permanente",,"valor_original","avista","2","0.00",NULL
"847","541","54","1","1500.00","1500.00","pontual","2997.00","1500.00","49.95",NULL,"0.00","1500.00","1497.00","permanente",,"valor_original","parcelado","10","0.00",NULL
"848","541","38","1","15000.00","15000.00","pontual","20000.00","15000.00","25.00",NULL,"0.00","15000.00","5000.00","permanente",,"valor_original","parcelado","10","0.00",NULL
"853","544","22","1","2750.00","2750.00","recorrente","2750.00","2750.00","0.00",NULL,"0.00","2750.00","0.00","permanente",,"valor_original","avista","2","0.00",NULL
"854","544","21","1","2997.00","2997.00","recorrente","2997.00","2997.00","0.00",NULL,"0.00","2997.00","0.00","permanente",,"valor_original","avista","2","0.00",NULL
"855","545","38","1","30000.00","30000.00","pontual","20000.00","30000.00","85.00",NULL,"0.00","30000.00","-10000.00","permanente",,"valor_original","parcelado","5","0.00",NULL
"861","550","21","1","8997.00","8997.00","recorrente","2997.00","8997.00","0.00",NULL,"0.00","8997.00","-6000.00","permanente",,"valor_original","avista","2","0.00",NULL
"860","549","38","1","30000.00","30000.00","pontual","20000.00","30000.00","85.00",NULL,"0.00","30000.00","-10000.00","permanente",,"valor_original","parcelado","5","0.00",NULL
"858","547","32","1","8500.00","8500.00","recorrente","10000.00","8500.00","15.00",NULL,"0.00","8500.00","1500.00","permanente",,"valor_original","avista","2","0.00",NULL
"859","548","38","1","14500.00","14500.00","pontual","20000.00","14500.00","27.50",NULL,"0.00","14500.00","5500.00","permanente",,"valor_original","parcelado","5","0.00",NULL
"862","550","24","1","6997.00","6997.00","recorrente","5497.00","6997.00","0.00",NULL,"0.00","6997.00","-1500.00","permanente",,"valor_original","avista","2","0.00",NULL
"863","550","22","1","2997.00","2997.00","recorrente","2750.00","2997.00","0.00",NULL,"0.00","2997.00","-247.00","permanente",,"valor_original","avista","2","0.00",NULL
"864","551","21","1","2997.00","2997.00","recorrente","2997.00","2997.00","0.00",NULL,"0.00","2997.00","0.00","permanente",,"valor_original","avista","2","0.00",NULL
"865","552","40","1","2997.00","2997.00","pontual","5000.00","2997.00","40.06",NULL,"0.00","2997.00","2003.00","permanente",,"valor_original","avista","2","0.00",NULL
